183969395,Danella,Tiery,6C3
200215759,Gabie,Spear,5B2
456345154,Ricardo,Fryman,5D2
597732758,Cahra,Altree,4B1
106742892,Corinna,Frie,6B2
375915565,Mehetabel,Lambert,5C3
400263104,La verne,Vettore,6D2
688452142,Marilyn,Megarry,5D1
483062706,Charita,Grimsey,5B1
540530218,Philippe,Coger,3D2
808904252,Fanny,Stoodley,5C2
675174035,Jud,Pell,1B1
661887037,Teddy,Pagram,1B3
830482685,Theresita,Gyenes,3B1
179521269,Syman,Meller,3B2
735465853,Jillayne,Levinge,6C1
207067003,Florance,Simnell,2B2
841443143,Conn,Huyge,1D2
320979600,Kelly,Mathiot,1B3
843727557,Tracie,Chiechio,5B2
343326261,Estrella,Ordelt,1B1
138086263,Jonis,Vasquez,5B2
725449669,Sibel,Cressy,3C2
424573421,Hinze,Cloy,6B3
488431868,Gwenneth,Bythell,1D1
654758875,Ramsey,Garner,3C2
600264619,Marcelo,McCauley,1B2
580621522,Kaleb,Purdy,5B1
697494515,Cindy,Cathel,3B3
110794155,Garrik,Horlock,1B3
109137547,Brandy,Drinan,3B1
818755254,Ewell,Ormston,4C3
585556845,Janna,Pochet,5B3
215483223,Hurley,Jewks,2B1
293721683,Emelina,Rousell,5C2
874656622,Jacklin,Mintoff,2D1
576888746,Revkah,Ewer,2B2
176896974,Fletcher,Rasher,4B3
793304169,Rubin,Feilden,2B3
805052235,Jaquelin,Prewer,3B1
818624669,Stewart,Cockshoot,2B2
334745950,Johanna,Humberston,3C2
492466327,Bailie,Stabler,3D2
221898435,Gabriello,Stredwick,6B1
876038594,Wayne,Vellender,5C2
310691988,Jeanna,Doone,2C1
703936982,Tammara,Mc Gaughey,6C1
727996232,Emogene,Pitherick,5B2
531601704,Anthia,Szepe,6C2
759680281,Onida,Cowton,5D2
649231210,Cortie,Scragg,6B3
645066757,Kaitlyn,Bofield,3B2
441269474,Bernie,Oxenham,2D3
314249744,Fania,Bourrel,5C1
300155063,Bary,Marjoribanks,1B2
731926188,Edi,Gethins,2D1
554602682,Bonita,Ellsworthe,2D3
627744488,Connor,Tremollet,2C2
845975945,Fianna,Pepperell,6D1
549400375,Cara,Vian,3D2
416076282,Wyatt,Ridings,2C3
305524494,Rodrick,McQuilliam,2C1
374674008,Fan,Fennick,6B1
645216803,Verla,Jannequin,5B1
774476261,Gaby,Paff,3C2
729559892,Shell,Scripture,4B1
393404919,Devonne,Napoleone,2C2
368608519,Erskine,Kitlee,1B3
291286951,Marwin,Pickle,5B3
268442636,Sanderson,Doudney,2D3
592051431,Davidde,Curragh,5C1
733858104,Petr,Ainley,5C2
443283138,Kettie,Ionnidis,2D2
613584354,Berthe,Kaasmann,2D2
424459093,Almeta,Mundford,2B1
354239099,Bernardo,Sheasby,3B1
172922143,Lyndsie,Boomes,2D3
733794359,Hamlen,Rosenfrucht,4C1
496171069,Hersh,Carlucci,1B2
429363994,Darrel,Lesmonde,4C1
891829628,Augustine,Filip,3C3
341014419,Lorrayne,Murrhardt,2C3
146250394,Fidole,Comolli,3B2
436792129,Carter,Regler,3C1
367605138,Isacco,Tinmouth,2D2
491341419,Frank,Yeatman,2B2
258747460,Wilfrid,Haquard,6D2
180288019,Magnum,Archbutt,2D2
367089725,Lacee,Gibbons,2B3
579149876,Roddie,Carous,6C3
785306842,Bobbie,Grossman,5C1
659657986,Josee,Rounds,5B1
500380663,Harli,Massimi,6D2
308793438,Norah,Zannolli,3D2
249192769,Odo,Duffield,5B1
176705169,Bendix,Mingauld,2B3
599906751,Rosina,Cruse,1C1
295611520,Hayley,Sirmon,5C1
120731025,Hortense,Tunstall,1B3
356480794,Hilarius,Huffy,1B3
307476705,Samson,Mannooch,5C2
673074093,Diena,Weatherill,2D3
613329956,Emilee,Phelipeaux,5B1
301869787,Eula,Roughley,6C2
835270387,Odie,Slark,1B2
622333223,Ricki,Thies,4B1
477053349,Bearnard,Galbreth,1D1
891092260,Josias,Roff,3B1
124344009,Carrissa,Chittenden,5B3
628791349,Deck,Bank,5B2
109987957,Gerard,Andreasson,2B2
243291852,Ralf,Shooter,2B3
538667408,Meridel,Le Barr,4C3
850370635,Raffaello,Freeland,5B2
742683887,Maybelle,Casey,3C3
473194452,Artie,Mabee,6B2
639858436,Clyde,D'Enrico,1B2
693784225,Nils,Cafferty,6C2
371371143,Elmo,Thurner,2D1
383635080,Ursala,Bibby,1B3
780172397,Carolee,Fourcade,3D2
719261208,Osbourne,Cortnay,4C2
473200789,Nikkie,Pauletti,1C3
565993710,Charlot,Brach,4C1
294155512,Daphna,Comberbach,4B2
508754907,Remington,Summerill,3C3
690136691,Romeo,Aspital,2B3
769159948,Noell,Oneill,6C3
237608786,Verine,Turfs,1D2
882192147,Ennis,Baker,3B1
883467459,Ingemar,Sarginson,2D3
207578267,Gideon,Neal,3B2
809159805,Alphonse,Cholerton,6C3
879027079,Roxane,Stockbridge,1C3
397074839,Brooks,Maddocks,1B2
491630437,Bambi,Peppett,1D1
285045787,Anderea,Goare,2D2
554778471,Garnet,Allin,2D2
564240083,Faydra,Govey,6C2
387723787,Hillel,Burkitt,1C2
314954434,Sherlock,Sidle,2C2
235890919,Cindelyn,Tristram,4B3
525168244,Celka,Keepence,5D1
119963813,Marya,Littledike,3C3
327620211,Mathe,Peatt,2D2
498576026,Ollie,Flobert,4B3
125020963,Engelbert,Groves,2C1
791388324,Mickey,Lidbetter,5C3
657521420,Thaxter,Veryan,5C1
246845057,Wilhelm,Kendall,4B2
701299945,Dani,Rutherforth,6D1
748645892,Sean,Covey,2D3
776992589,Erinn,Ciccotto,5D1
773584813,Lenora,Jellett,6D1
717035455,Donnajean,Wheway,2C3
145540286,Benn,Attride,2C3
699389366,Griffie,Creevy,5D1
292193233,Silvester,Cornford,2D3
151837610,Dukey,Kinsella,4B2
229982725,Eduardo,Kinzel,2D3
893300103,Euell,Guttridge,3C1
375715354,Doe,Earry,2D1
116678006,Cammy,Thurman,2C2
283560436,Anton,Cullum,2D3
880330552,Lombard,Landis,2C3
251971527,Angelika,Addams,2B2
444259028,Cari,Giacovelli,4C1
421898275,Lacy,Eubank,5B1
250371010,Delcine,Gantlett,1D1
564421220,Elladine,Pittson,6B1
480661994,Torey,Linay,1C1
445819170,Luella,Amphlett,2D3
791873205,Monique,De Micoli,2D1
238305089,Tito,Windram,2B2
484929637,Duncan,Hadgraft,6C2
585265438,Candis,Nicely,1C1
443216678,Annecorinne,Collumbell,1B1
882772139,Erik,Lammertz,4C3
696213481,Tonye,Gooden,5B1
302133408,Cobb,Ostridge,2C1
189538608,Saxon,Abramino,4B2
183452476,Helaina,Howgego,3C1
816497405,Josiah,Adamo,5D2
872974571,Genny,Cheesman,1B3
324185552,Wayne,Stebbings,6B2
389515701,Ronna,Rotlauf,6B2
189290583,Elane,Melendez,1D1
106234683,Desdemona,Shanley,3B2
162867587,Lanny,Caudrey,2C2
426337363,Ricard,Oddey,3B1
653348284,Debee,Cleaves,6D1
797497221,Verina,Luckcock,3C1
836041395,Mirella,Whitton,4C3
855937211,Cacilie,Stephenson,6D1
882803231,Deeyn,Boldry,1C2
510139424,Harlie,Vanderplas,1B2
156893734,Nicholas,Consadine,3D2
796266746,Arnoldo,Galletley,5D2
185384867,Kingsley,Grevile,4B3
303719424,Faina,Oscroft,4C3
346179626,Isaak,Pennicott,1D2
110071124,Osbourne,Kuhn,5B1
472904810,Chandal,Trusse,2B3
498471677,Charlotta,Jaspar,4D2
650926563,Maren,Revens,3B2
521886044,Maible,Izzatt,2D1
359250034,Gaylord,Quarry,6D1
647752577,Charmane,O' Mara,6C2
646632237,Essy,Leehane,5C3
186163573,Bartlett,Core,5B3
657335607,Carena,Rushton,6D2
392608174,Laurette,Bedin,1D2
576391531,Giffie,Willman,4D1
133611450,Emmerich,Renac,1C1
223319240,Dasie,Paulot,5B1
662383385,Salli,Hazeldene,5D2
355100988,Corny,Simenel,6B3
446237667,Brody,Yanyshev,2B1
458365632,Star,Cattow,4D2
346047262,Lorrin,Ivatts,4C2
663882005,Mort,Edgerton,2B1
678791760,Faydra,Benam,5D1
851301405,Zaneta,Gyver,2B3
630577893,Joycelin,Berns,2C3
501245470,Hayes,Middlemass,1C2
569792012,Roberto,Lynch,6B2
773604524,Lovell,Bea,2B1
651957321,Paddy,Kinglesyd,2D1
380562088,Dinny,Rhoades,6D2
444660068,Timmie,Belbin,5C1
172526936,Trenna,Odeson,1C1
474443834,Grace,Strelitz,2B1
741630475,Matthieu,Elgy,4D2
824387015,Andreas,Lindell,1C2
169133797,Rudy,Keer,1B1
507870654,Vasilis,Bignall,5C1
122568308,Adelina,Castagnier,5B1
613307464,Cort,Guitonneau,2C1
213183021,Michele,Crossfeld,5C3
846389407,Calida,Bruhke,5B1
156760279,Theodor,Mullinger,2D1
173821263,Jayson,Antal,6C2
885674856,Janeva,Schuchmacher,6D2
852933026,Isobel,O'Deegan,5D1
497398614,Thorvald,Lockhurst,3C1
824521160,Teodor,Caras,3C1
364395567,Phaedra,Westhead,6D2
445057329,Rutherford,Noyes,4C1
334536077,Callean,Matyushonok,3B2
749414172,Edvard,Mufford,4D1
649960422,Salomone,Corington,4D2
371703991,Dal,Bellee,5C2
857375888,Leela,Gallager,4B2
195274473,Corey,Wark,2D2
474254398,Nathan,Pariss,3C1
241864700,Sven,Itzchaky,6B1
726523153,Jacob,Antrum,1B2
493081722,Florina,Warr,6D2
710781932,Allistir,Kasparski,5B1
469501186,Hildy,Hulles,6C3
260712529,Reidar,Maltby,2B3
147804148,Feliza,Alebrooke,4B2
733784308,Felicio,Chill,2D3
317137688,Urson,Bradshaw,3B3
883810349,Nike,Earwicker,4C3
340115580,Gwendolen,McQuilkin,4B2
596332794,Jerri,Dryburgh,1B1
364391235,Charlene,Rodnight,4B2
240486732,Husain,Dell'Abbate,6B1
712459168,Mark,Sallier,1B1
234572586,Harley,Hurrion,2B1
657500898,Georges,Binden,5C2
610162741,Renado,Rigmand,3B2
356764698,Vinny,McNelis,2B2
845286514,Creigh,Quickfall,2D1
149236034,Agosto,Hounson,6C1
103259437,Jennilee,Jedraszek,6B2
853922426,Rebekkah,Croley,6D2
276040698,Barny,O'Caherny,3D2
773189432,Milty,Petriello,1C2
756491987,Celine,Franey,6C1
503245557,Lyndell,Allicock,1C3
592469230,Suzi,Dightham,1B3
414850826,Genvieve,Padbury,6C2
652098759,Griffy,Newart,3C1
343268630,Cristabel,Garahan,3B2
331317716,Merilee,Hardaker,5C3
415969372,Ingelbert,Farfoot,1D1
672325398,Natalie,Ibbitson,3C1
506872118,Cornelle,Cowcha,3C1
729439210,Link,Dunthorne,3B3
358354651,Druci,Caldera,2C1
779757768,Eldin,Clynman,3B3
476486780,Collette,Shergold,3B2
133226789,Tynan,Duffill,5C3
425462887,Kristin,Lesly,5C3
558550387,Marthena,Kippin,6C1
302721899,Sabina,Halsworth,6C3
647160583,Gal,Shemmans,1C1
111489043,Benn,Dybell,5B3
741892358,Chan,Roussel,5B2
389467696,Delmor,Armin,5D2
826903154,Lem,Alonso,1C3
242949068,Mariette,Bees,5B3
652327771,Denys,Lindholm,4B1
181852246,Corbin,Menault,4B1
707716762,Cross,Heaselgrave,4D1
429427124,Ddene,Kures,1C2
505625428,Alvin,Tomkin,5B1
189523735,Elie,Hanney,1C3
254984924,Piper,Shakelady,3B3
677934673,Josiah,Wheldon,5C2
337769545,Nata,Margeram,2B3
290528452,Marylou,Mallows,2B1
412895250,Billy,Branscomb,4C1
201992101,Chad,Verecker,2B3
739118031,Alicia,Fawltey,2D2
554236919,Thia,Weal,5C1
886674798,Ebonee,Biles,6D1
270892397,Ericka,Rosendahl,4D1
287671219,Teodorico,Manginot,3D2
199604604,Stanislaw,Divall,6D2
186291760,Lorena,Tomankowski,5B2
832375743,Krista,Mutimer,1C3
816768464,Dee,Frangleton,3B1
165093061,Alisander,Burnsell,5D1
250365828,Marget,Hebden,2C2
510492828,Rosamond,Redgate,2B1
458394895,Clotilda,Asling,1C3
335799933,Lulu,MacTavish,6B2
614357857,Annadiane,Hyde,1C1
326527874,Susan,Pergens,3C2
244380257,Ada,Dyde,2B2
798366638,Ray,Maruszewski,2B2
618101896,Davie,Piddock,2D2
248114689,Randi,Forgie,1D1
565602371,Thane,Cobello,5B2
746636573,Milt,Corneliussen,1B2
303466724,Penny,Kasman,5C1
227104533,Nickola,Skylett,3C2
523028153,Rosy,Kivelhan,5C2
788523287,Cosetta,Sanz,2C3
592878363,Rafferty,Alfonsetto,6C2
730489176,Joy,Pardew,3B1
647133522,Sherrie,Rotham,2C2
371713568,Caryl,Garrelts,1C3
159733058,Lianna,Schoffel,1C1
443739146,Alika,Martinat,2C2
138579984,Isa,Eat,3B1
850502279,Dixie,Barker,5D2
720349689,Tuckie,Ivanikov,2B2
557271232,Salomi,Piscopo,1B3
557860420,Farrah,Vigars,6D2
870341746,Agace,Gerbi,5D2
211889309,Irita,Tidman,3B1
283915866,Rebeka,Regan,5B1
301832486,Rafferty,Pinare,4B2
557566197,Emelen,Dorton,1C3
866637356,Maddalena,Wetton,6D1
534647675,Fredek,Matelaitis,1C3
727336563,Heriberto,Roache,2C2
826818933,Gregor,Rosone,2D2
604262000,Addison,Slemming,3C2
623273246,Karole,Pipkin,2D1
142750353,Nevil,Wharfe,5C1
498877303,Shannen,Domke,2C3
606250316,Clark,Barajaz,1C1
373165571,Dina,Martins,1C1
243992982,Guenevere,Winridge,2D2
766384211,Lucien,Meddings,4C3
350066759,Aurea,McAlinden,2C1
249294819,Gifford,Lundberg,2B1
108934527,Marieann,Moyes,4D1
681413651,Billie,Birtle,6C2
157416730,Dare,Ingleton,1C3
759181002,Lanni,Hallford,4C3
756519428,Marv,Fivey,2D3
317963209,Elliot,Bickerdike,6C2
392193238,Keane,Bainbrigge,2B1
827489770,Hal,Nijs,2D3
286178395,Brig,Dorward,4D1
811589269,Lyndel,Yair,3C3
658847807,Norene,Dumbreck,2C3
574037234,Ericha,McKeran,1C3
697036387,Catlin,Pourvoieur,6B1
869053559,Stacie,Crysell,5C3
889918305,Denny,Kirsopp,1C3
215964486,Joli,Barwell,3B1
193326566,Gretel,Kingswoode,2D1
728317873,Manfred,Abramson,4B2
353744466,Olenolin,Reynalds,2D2
296091957,Berni,Burgoin,2D2
673914871,Caldwell,Bilbrey,5C1
181544604,Babara,Swindley,3B1
565444303,Perrine,Guilford,6D1
554263354,Anders,Ipsly,6C1
642391473,Deanna,Pargiter,2B3
353218991,Gleda,Pike,2D1
533249120,Matilde,Hymor,1C3
641500972,Drusi,Tubbles,6D2
486057589,Odelle,Wilde,6D1
140820716,Marj,Wandrey,5B2
844290327,Roselle,Luxmoore,4C3
639662944,Renaldo,Dryburgh,6B3
224419565,Rheba,Stockau,6C2
759193218,Lew,Thomassen,2D1
430106854,Birk,Hollyer,1C1
744618606,Arline,Hyndman,5B3
271114352,Imogene,Lidington,3C2
384579964,Mabel,Grabeham,2B3
231147655,Pip,Laurance,5D2
184536709,Henderson,Iceton,6D2
876062584,Rosene,Ivie,5D1
436202410,Stella,Bruffell,2C2
524238539,Shayna,Pugsley,2B2
426184074,Dorene,Alderwick,1B3
445955644,Tab,Lindl,5B2
746078795,Aurelia,Heggs,1B3
804808905,Sayers,Gaize,5B3
605122116,Shanie,Bramwich,5B3
650228659,Laurie,Southerell,3D2
210188281,Avie,Leitche,3B2
291877367,Rochester,Garside,1B2
106871417,Rudolf,Thackham,6B3
237500339,Kippy,Rubrow,2B3
314555386,Helaine,Bigg,6C2
853348025,Kelley,Gadault,6B1
106670928,Deborah,Skin,5D1
165068406,Stella,Bezarra,2D3
721558478,Daria,Merioth,1B1
159038845,Ladonna,Duesbury,1C1
216911248,Bondy,Haggie,5D2
236477472,Chad,Barthrop,1B1
676803107,Elke,Gerkens,1B2
249111230,Maible,Senett,1B1
583231857,Britney,Gotfrey,6B1
434282720,Tremain,Ishchenko,5D2
193689070,Haroun,Davidovits,6C1
588162085,Jennica,Evemy,1C2
875377923,Lindsey,Lampens,3C1
519972460,Gian,Raspin,2D3
407756878,Christabella,Yesipov,1D2
350117322,Leland,Swinford,2D3
398764282,Rasla,Claybourne,2C2
718935635,Amandie,Andrzejowski,4C2
554982345,Pierson,Klaassens,1B3
687053932,Jay,Sellors,2C2
559856437,Nial,Boundy,2C2
784016871,Danila,McCrainor,4C1
556614283,Torr,Waison,4B3
860711799,Ardra,Cadwaladr,2C1
649974108,Leroi,Gratrex,6C1
769589804,Jayne,O'Crigan,5B2
427421066,Meridith,Buesden,4C3
813822700,Tess,Kirman,5C2
541381043,Ambros,Simonnin,4B1
843424063,Sue,Whittington,4B1
864884241,Lois,Fleeming,3D2
258082857,Fabio,Georgiades,6C1
305859986,Tabina,Menlove,2B2
112189952,Pollyanna,Newlyn,4D1
237597877,Ewell,Darkin,5D1
369457078,Tracee,Valder,2D1
805701344,Antons,Buttress,3C2
801997860,Euell,Philp,4C1
689274562,Cairistiona,Boame,4C2
715355689,Axe,Grushin,1C1
831482687,Sigmund,Di Bartolommeo,5B3
101068665,Francois,McKune,4B2
671798637,Raul,Halpin,5B1
750323160,Tomaso,Leavens,6B1
188063242,Gerta,Servante,6C3
235876280,Kevon,Blampy,1B2
139675302,Hamlin,Wey,2B1
574239768,Sadie,Parbrook,2B2
569707475,Waylin,Dabney,4C3
580155348,Crista,Longrigg,6C3
500374411,Karlee,Riccardo,1B2
722857609,Marylin,Serrell,3C1
296574169,Melli,Petit,3B1
732457379,Pierre,Krzyzowski,5B3
171239333,Vaughan,Agent,4C1
195829749,Rodger,Joice,5B3
329524318,Graeme,Dur,5C3
268322659,Oriana,Coghill,6B3
548197325,Reinwald,Moreland,3D2
343088955,Adina,Loxdale,2B3
639817449,Huntlee,Legrice,5C3
849274959,Penelopa,Daudray,5B2
239253465,Tuesday,Mussotti,2D3
644232214,Ive,Vousden,6B1
692177884,Nehemiah,Drillot,1C3
149889847,Desdemona,Chiommienti,6B1
721525349,Michal,Lytle,6B1
120486699,Chrysler,Rathjen,6D1
121441065,Sheela,De Vere,1B1
700209952,Rickard,Pither,2B1
647153815,Isabeau,Heenan,3C1
838944174,Ernie,Bracknell,1B3
288981848,Andrew,Aylen,5B2
472890269,Mattias,Mincher,2C2
806319131,Odella,Melendez,2C2
589092496,Jaime,Kesby,1D2
195428088,Vonny,Skures,6D1
862553439,Vinson,Bullion,3B1
176944263,Laney,Greene,4B2
159944629,Trumaine,Escalera,3B2
861548018,Alonzo,Eliez,4B3
287920835,Ebenezer,Ashworth,1D2
358156755,Caspar,Madgwick,4C2
776821642,Gratia,Leicester,6B2
262217607,Even,Glentworth,6C2
191218323,Lavinie,Mattock,4B1
122803298,Bernie,Deathridge,5D1
562754886,Everard,Yakovliv,6B2
877481848,Mal,Marriage,4C2
772064391,Aldous,Cully,5D1
273758716,Lucinda,Loges,4C1
126522461,Ad,Waeland,2B3
859856676,Claudell,Toy,5D2
371649299,Cybil,Menico,5B1
788701656,Bettye,Redfield,5B1
505516698,Drona,Elston,4B3
555959271,Mamie,Niles,2C2
746700445,Sheba,Osbaldeston,4B1
657261338,Joline,Gethin,1D1
161952700,Cleo,Turrill,4C2
268807324,Lilia,Ruppeli,3C2
702061426,Micky,Penner,2D1
853218456,Myrtie,Morais,3C3
266221798,Neel,Kenewel,1D1
711736600,Caleb,Duxfield,5B2
665555638,Ransom,Damsell,3B1
609043408,Dorthy,Davidovich,2C3
604307356,Emelina,Vergine,5C1
867531823,Aleksandr,Bour,5B1
269361666,Riva,California,1C1
511683394,Rabi,Merriday,3C1
890122523,Veda,Glossop,3B3
813690641,Ashli,Frankum,4C2
637977918,Hamnet,Van Rembrandt,5B3
454550279,Shawnee,Evitts,5B2
443560263,Derick,McCoy,4B3
212665996,Cully,Ayars,4D2
737304137,Elberta,Faye,2B2
556883840,Basile,Palek,1C3
661349289,Pearline,Polendine,4D2
311377765,Constancia,Rafe,4C2
261803728,Isabeau,Colebourn,3C3
138507406,Harlene,Scritch,2D1
779331476,Janeczka,Koene,3B3
263863496,Hughie,Sirett,4C3
798915790,Carola,Dives,3B2
880755182,Donovan,Sheivels,2B3
360718689,Sydel,Minelli,4D2
367337336,Amber,Matfield,2B1
681502649,Zelma,O'Leagham,5B3
381591879,Sean,Tinkler,1B1
774721277,Bourke,Carmen,2C2
255742939,Aleda,Snugg,1B2
585397295,Trix,Kermit,5B3
639353992,Ugo,Salzburg,3B3
339587189,Saudra,Boulter,5D2
168928621,Chris,Riddeough,4B2
507978033,Darill,Chessell,3C3
107707927,Virgil,Bromilow,5D2
625570017,Antony,Deek,6C2
122447810,Cynthy,MacGuigan,5D2
513692141,Barr,Piggott,5B3
427108965,Karlee,Gethyn,3B1
797107914,Dulciana,Speirs,4D1
540099999,Ethelind,Dionsetti,2D2
610446189,Jock,Merman,1C1
522815102,Jill,Baseley,1B2
156231727,Ethelind,Sizzey,5C3
404288713,Bridget,Brearley,4D1
883337258,Neil,Caskie,2C1
823948473,Gaultiero,Aucutt,4B1
530295480,Dennie,McGiffie,2B1
277206061,Deck,Greschik,1B2
843653700,Olav,Pawlett,4D2
197480298,Consalve,Yekel,5D1
192509985,Marylin,Brookesbie,1B3
102538572,Noami,Hirche,1B2
474221654,Petronia,Ffrench,6D1
539367677,Hildegaard,Metzing,2D2
870880908,Kenneth,Stening,4C3
898651145,Malcolm,Boays,2C1
698756286,Marlon,Cartan,5C1
819082273,Rosabelle,Kift,3C3
621148379,Carlina,Paaso,2C1
389073486,Serena,Gough,2C3
815254814,Susanne,Gilhoolie,2D3
293326264,Gualterio,Cortin,3C1
828542793,Berkly,McSherry,6B2
747804840,Darcie,Mohammad,6C3
150324127,Calv,Claypool,3B2
214181515,Verne,Breslauer,4B2
198783127,Brenden,Chapellow,1B2
282292422,Sherie,Canniffe,1C3
869878663,Yul,Stolz,3D2
788405188,Lon,Batey,4B2
587662168,Alicia,Janca,6B2
199461180,Michail,Jinda,2B3
331862001,Cornall,Steuhlmeyer,3B3
645015157,Casie,Reilinger,1B3
439806800,Ardyth,Shew,3C3
454695770,Ramonda,Kenvin,4C2
752415781,Raquela,Muselli,5C3
515660470,Isaiah,Cannop,1D1
470107173,Adaline,Blinckhorne,6C2
177311571,Vitoria,Haith,2C2
576366602,Jamison,Le Fevre,3D2
779926603,Kirbie,Huccaby,2D3
725713142,Jemima,Hulks,2B2
368486599,Mitzi,Kiddle,2C3
285823029,Wanda,Haylock,5B2
289605595,Darnall,Ligerton,4B2
274694145,Currie,Hathwood,3B3
475376116,Nahum,Bouldstridge,4B3
144855154,Erin,Chatburn,2C1
466308963,West,Lorens,1D2
834858509,Channa,Tibalt,6D1
496843762,Dudley,Drewery,2B1
179369100,Rosalinda,Streets,2D3
852661326,Dulcie,Simcock,3B2
654384734,Ari,Eisold,5B1
582651987,Coral,Mildner,3D2
843904908,Ilyse,Catterson,3B2
550892934,Christos,Paeckmeyer,4B1
453900538,Pamella,FitzGeorge,3C3
886244013,Isadore,Huscroft,1B1
177204275,Marilee,Gibbett,2C1
206949056,Galven,Firmage,1C2
723110688,Irwinn,Ussher,4D1
191239522,Joelly,Musla,2C1
751308157,Vern,Realph,5C1
633862988,Mildred,Renzullo,3C3
844355610,Pennie,Larking,4B2
766086284,Stern,Fieldsend,3B1
343605258,Sissy,Jarmyn,2D3
322226696,Nils,Dossettor,6C3
572243662,Sioux,Servis,5B3
891711099,Ursala,Kidde,6D1
414517710,Kristel,Brede,2D2
456236459,Corny,Wilson,5C2
376271301,Jackie,Lacase,6C1
693692055,Dale,Withull,2B1
574404631,Consuela,Piddletown,2C1
730113003,Fransisco,Brimley,2D2
632656118,Towny,Cowle,2D2
315858896,Paxon,Ayling,2C1
423695122,Niles,MacAvaddy,1D1
277957268,Libbie,Cowan,4C2
880781143,Vilhelmina,Boldt,2D3
202041954,Nanine,Spat,1B1
492312405,Datha,Cockerell,2C2
132294533,Sophia,D'Almeida,2B3
129139650,Weider,Fenner,5C2
422693502,Clarie,Beefon,5C1
825564606,Sean,Connolly,1D2
786897685,Rod,Hordle,5D1
767416660,Doll,Stenning,3B3
613328849,Arlen,Callaghan,2B3
473792068,Tessy,Cail,5C1
208785860,Kenyon,Canland,6D1
117831665,Melanie,Gilffillan,1C2
487228534,Dotti,Murray,6B2
762167900,Valenka,Cornew,1D1
757985323,Alasteir,Holdworth,1C3
710134705,My,Farnsworth,2B1
884271010,Fidela,Totman,6B2
173227275,Paten,Dacks,5B1
516448047,Mariann,Dykas,1B2
579536987,Hermione,Wallworth,1B2
422767653,Sigismund,Paolotto,6D1
323716087,Brnaba,Rotchell,1D1
804270001,Noreen,Relfe,5D2
556107921,Lee,Towson,2B2
198092371,Walther,Lawdham,4B1
168825524,Traci,O' Hern,5B3
425056860,Isadora,Gumary,2C2
484465622,Freedman,Hubbock,1C3
888354528,Heinrick,Peacham,4D1
538624904,Harriet,Heckner,6B2
321734510,Clarinda,Tesauro,1B3
402318094,Dirk,Holdron,2D1
617467850,Reggy,Morcom,2D1
824329337,Nichole,Fallowfield,1C1
378964597,Gun,Delicate,3C3
430771965,Bonita,Gellert,3C3
292417919,Rowland,Gresty,6C3
490401925,Avery,O'Sheerin,4D1
480896940,Becki,Paragreen,6C1
534020850,Amalea,Pengelly,3C2
785171254,Alica,Armatage,2C3
314875936,Aggi,Gluyas,1B3
849220333,Lanni,Henrichs,4B3
141572278,Dylan,Stoltz,3C3
117590341,Josselyn,Varcoe,5B2
392327244,Erica,Weich,3C2
828365469,Rozamond,Cowie,6C3
622914588,Rosalie,Tirkin,1B1
308433637,Arluene,Enderle,4D1
177291740,Sue,Cattonnet,6D1
134922130,Revkah,McCusker,2C3
647344615,Carolin,Silvester,2D2
624050149,Hermann,Farnin,4B3
454625386,Lela,Pauley,3C1
191156757,Ted,Pailin,1C2
532022263,Sigfried,O'Hogertie,5C1
409905729,Ursuline,Normandale,4C1
378238849,Vaclav,Ygoe,4D2
847730894,Lemmie,Benedito,5C3
461687839,Christa,O' Lone,1B2
104766121,Orion,Liff,4B1
662632221,Marlon,Boreham,4B3
736174486,Alfie,Lilywhite,6D1
652062713,Huey,Scarff,5C1
687815911,Winny,Atwill,6B2
898210044,Jenn,Tirkin,5C2
117870243,Rik,Leathley,3C1
347052626,Dyan,Higgen,5D1
128632914,Bili,Gosneye,5C3
507084184,Bryce,Cassedy,6D1
857906594,Ward,Claw,1C2
717870654,Hailey,Kettlestringes,4B3
531619747,Norah,Igounet,6C3
532783429,Gino,Yitzowitz,5B2
477269062,Lonna,Shillabear,4B2
482827549,Fee,Olekhov,5C3
257014465,Deonne,Swift,1C3
418403492,Ambur,Simonato,6D2
445706380,Rhodie,Fitton,1C3
496571722,Clerc,MacLice,6C2
133218115,Nevins,Welberry,1B2
867221197,Fred,Braiden,2D1
872992930,Jemimah,Shernock,4B2
485160028,Rufus,Elner,6D1
825220178,Margie,Auchterlony,1D2
444380060,Kippie,Ponton,3C2
366898559,Cass,Skate,4D2
710223537,Joby,Hankins,2C3
638430663,Sibylle,Whittock,5B3
347753410,Brew,Branton,5C2
884899023,Elnora,Riteley,6C3
795931692,Tawsha,Diemer,5B3
383291713,Christean,Brazur,4D1
560406083,Laughton,Skeates,2D2
711720309,Wenona,Calyton,2B1
139629898,Emanuele,Schultes,6C1
519614959,Sal,Chastney,2C1
494606957,Lyman,Kleeman,5D2
692185812,Kacy,Warbys,4B2
801766544,Sheridan,Hayes,2D1
886590397,Valencia,Pull,2B3
775280945,Saraann,Levy,5C1
551529859,Sidonnie,Laidel,2B1
318123635,Ignatius,Fairham,6B1
435356342,Annabel,Perott,1D1
741022700,Vinnie,Mundow,6B2
720141257,Rad,MacVanamy,6B3
491552836,Dale,Helkin,6C3
303508216,Shelton,Noorwood,6D2
553667905,Barny,Johnsson,4D1
615549594,Judie,MacFadzan,2D2
507377982,Aubrie,Blasi,4C1
198379617,Rockwell,Bridgwater,5C2
840066831,Jeniece,Emmitt,6C2
195035221,Sal,Dudill,5B2
794937991,Javier,Sneezem,4D1
817908889,Libbey,Maggill'Andreis,1B2
162482895,Conan,Drance,5C2
256040124,Joby,Dudill,4C3
218013970,Essy,Fonzone,5B3
633484280,Wayland,Strainge,2B3
571046898,Chickie,Grindrod,1D2
351274309,Shae,O'Doireidh,3B2
478648897,Rasia,Scrimshire,2B3
331962156,Burr,Sayle,1B2
293757948,Wyn,Whitford,5B3
847361007,Shawn,Corker,2D2
754891002,Xaviera,Humpage,4D2
201498994,Alfonso,Massingham,4D1
419767139,Maggie,Hardington,6B3
803504076,Ericka,Filoniere,2D1
559607634,Vivia,Spier,3B1
535531965,Crissie,Dessant,2D2
833071166,Charin,Skune,5C2
520412288,Rutger,Zecchinii,3B3
740794608,Leonard,Filipchikov,2C1
692052835,Stevy,Renton,2C1
164771444,Edwin,Heaslip,1C3
387114299,Fidel,Seyfart,1C3
370128810,Ada,Charrette,1B3
528313595,Vinnie,Barnfield,2D2
281341653,Sinclare,Goare,4B1
779973937,Adolphus,Pietzke,6C3
390146399,Mildred,Gittus,3B2
119386857,Noby,Handrick,1C3
287841765,Walther,Papaccio,2C3
772196964,Yancy,Hatter,6C2
238017569,Juliette,Bendix,5B3
322768907,Justino,Kimmince,3B2
577193536,Billie,Garritley,6C2
306395218,Thibaut,Kerkham,1B1
352955702,Jaclyn,Steckings,2B1
178866609,Kalle,Pudden,4C1
639559882,Fae,Capron,2D3
852244513,Albrecht,Curedell,3C1
555372530,Levon,Tourner,4B3
715748815,Mac,Colls,5B1
605782393,Gauthier,Lackner,6D1
873374693,Libbie,Stiegers,2B1
236695633,Darin,Ghio,6B3
173521648,Moishe,Spores,2C2
200448023,Meade,Schaben,3C2
546553810,Martyn,Prophet,5D2
829862342,Garold,Lapidus,4C1
280608797,Lannie,Baxill,3C2
858860505,Rhianon,Payze,3B2
261857421,Dacy,Seint,4C1
604785918,Jesselyn,Gunby,1B3
719580273,Annalise,Pearcehouse,2D1
383106537,Sammy,Maynard,1B2
569052651,Aubrey,Holtaway,3C3
766902965,Aurel,Pallesen,1B2
255014555,Rosene,Guiton,5C3
235816004,Grazia,Rushworth,6C2
642335634,Pierette,Devonport,1B3
533284010,Mirelle,Drews,1B2
860549006,Drucie,Borkett,1B3
796599349,Kimmi,Dzeniskevich,1C2
407826315,Mariellen,Semark,3C2
742474741,Margery,Marney,5C1
548093616,Evie,Dobrowolny,5B3
571990074,Rosamund,Rydzynski,3C3
214713608,Sasha,Domokos,1C3
883818911,Holli,Pilpovic,5C3
451886827,Nikolai,Gradon,2B2
530885180,Eileen,Mattschas,5B2
348896646,Enrique,Ingleston,5B3
769619445,Kylie,Strowan,5C1
248797785,Cosetta,McTerry,3B1
201438540,Brena,Gush,1D1
142633228,Dorine,Latour,2C3
510548142,Rustin,Doumer,6C3
343739922,Nickie,Shenfisch,6B3
235365254,Agatha,Thomasset,2D3
503058860,Oriana,Beesley,1D1
124730902,Seumas,Arenson,5C2
142446041,Maribeth,Older,1C3
365869995,Garey,Garlinge,6B1
584845514,Eloise,Riceards,3B1
103385617,Eirena,Waye,6C1
682918056,Sandy,Beeden,6C2
390236526,Carla,Ledgerton,6C2
584691248,Karyn,Agget,4C2
125293554,Simeon,Wimlett,3D2
789256819,Sherrie,Patsall,1D1
803951032,Jermayne,Wycliffe,2B2
244410392,Jedidiah,Andretti,5C2
835531132,Jacquetta,Dallas,4C3
878037373,Zebadiah,Benfell,5C1
104290476,Micah,Fatharly,2B2
297098813,Karon,McManamen,3D2
456975191,Stephana,Bower,3D2
642598183,Nathalie,Maraga,2C3
558825490,Keene,Blinman,2B2
428361414,Henryetta,Cartledge,1B2
744188968,Fairfax,Irdale,6C3
566420540,George,Bohden,2D2
880707555,Becki,Tolumello,3B3
280748589,Lynnelle,Axel,6B1
158611225,Rochester,Zorzenoni,3C2
251147076,Odella,Kiddey,5D2
139239753,Jerrie,Ohm,1D2
566607888,Erskine,Avrasin,6D1
273126127,Verina,Krauze,4C1
269253471,Tedman,O'Tuohy,5C3
428618621,Libbi,Hardi,4C1
639943226,Isobel,Ingilson,3B2
343589492,Kenna,Quittonden,6B2
150683115,Harwell,Roscow,4C1
135873880,Christine,Mankor,2D2
122613890,Mitchell,Illesley,1B1
243241458,Desiree,Pietrzak,2C3
376377615,Ronni,Tolhurst,5C3
127269227,Sibley,Preskett,2C3
441205283,Rodney,Shorrock,6B2
859808083,Gwenneth,Kuller,1B3
195713874,Ephrayim,Joesbury,2D1
803373351,Linus,Gudge,5B3
891347058,Britteny,Willerton,2D3
436573029,Reynolds,Rowbotham,4B3
662718359,Larissa,Ham,3C2
807288431,Fedora,O'Hartnett,4B1
699168951,Erskine,Matyja,5B2
471254276,Artur,Du Fray,2D2
528771570,Kirbie,Karoly,6C2
829890239,Hort,Bridgens,2C2
306178009,Emeline,McAnalley,4B2
227085211,Melita,Coom,2C2
569156457,Fredelia,Allberry,2D2
604080009,Sheffy,Fenich,5C3
862958232,Tonia,Trood,2C3
644845011,Dame,Anthill,4B1
508745480,Nicolina,Piniur,5C1
718989391,Shane,Harms,4B3
673097801,Marty,Golston,6C3
699613948,Roch,Gotcher,4C1
399371931,Ken,Reside,5C2
384276770,Bradford,Pidgeley,2B3
774039600,Lambert,Caltun,2B3
767412990,Arnie,Boatman,1B1
231597186,Katuscha,Skylett,3C1
282536849,Ulises,Truse,3C2
426241812,Stafani,Bratt,6C2
391744981,Nicolette,Maud,5B2
488177333,Mina,Groom,4B3
620418386,Aggy,Doole,2D3
694759260,Helenelizabeth,Bellow,1D2
717861190,Bartlett,O'Reilly,3C2
460199350,Nicol,Brinson,3C2
115032508,Geoffrey,Duckett,1C1
757467580,Aylmer,Van Dale,3B2
301210717,Hetti,Pischof,5C1
771742089,Biddie,Linnard,1D2
659458683,Osborne,Canete,6C2
591512269,Knox,Gantley,6B2
555539775,Dulcea,Pleat,5C1
151952160,Almeda,Flawn,4C3
859113156,Christian,Perry,6C1
125176664,Curr,Bouzan,6C1
140866037,Miles,Choppin,6C1
373769370,Etty,Philippon,5D1
892701821,Carmelia,Haestier,3B3
344333099,Winn,Colborn,2B2
250032467,Karlis,Tollerton,5B3
749396237,Benito,Sighard,1D1
304396389,Anetta,Paniman,4C3
305522508,Mimi,Cutress,6B1
608048153,Glynis,Wadmore,4D1
309471209,Sarajane,MacLure,5D2
221238290,Milton,Hollingby,6C1
259839263,Dodie,Gallardo,4D2
512843473,Ronnie,Sloane,4C1
469661562,Yankee,Twydell,6C1
869615378,Aeriel,Mateo,5C2
510264660,Noreen,Fost,4C2
644012674,Alejandro,Fisk,6D2
198589720,Derrick,Hagstone,6C1
445506293,Zane,Boydle,5B3
533496827,Osmond,Rudsdale,5D1
437750111,Ermin,Sinnocke,5D1
567866193,Wallis,Linnit,4B3
763196938,Sasha,Elliman,6B3
515570723,Margaretta,Killelea,2D1
483717160,Tybi,Dengate,5B1
227623172,Tony,Schellig,1B3
790704764,Natala,Boughtflower,2B2
754269071,Dino,Sone,6C3
176190814,Orrin,Hugli,1C1
612641604,Jemmy,Dorbon,5B1
410425909,Tan,Al Hirsi,1D1
810110703,Clevey,Berre,1D1
514327782,Maury,Yerrall,3D2
310952998,Sol,Epinoy,6C3
454180199,Gian,De Souza,4D2
719716039,Nelli,Highman,3D2
690163379,Cammie,Attrie,2D3
339507833,Finlay,Cowern,6B1
252677156,Grantham,Cartwight,1B3
194386505,Delmor,Jukes,4C1
489382944,Lester,Morcomb,2C3
765239071,Austina,Nussey,4D1
761802731,Dannie,Weatherup,4C1
149650732,Florida,Hailes,1B2
843709565,Doralin,Kensington,4B1
742210973,Corly,Manilow,4D2
226952946,Aubrey,Shewsmith,1B2
696648405,Georgette,Carlsen,2B1
898119379,Jerad,Duesbury,3C2
410245911,Dorie,Dansey,4D2
548038987,Daniel,Maitland,5D2
134965247,Tully,Finkle,5B2
595993491,Sashenka,Lippard,6B3
844046313,Lilllie,Greet,5D1
678128345,Bridgette,Demangel,4C2
225179127,Clyde,Eykelbosch,2C2
756695771,Naoma,Mathe,1D1
375757491,Iain,Gatus,5C2
314934208,Kele,Sheere,1C2
175133605,Ferdinanda,Stepney,5B1
104602289,Lisa,Penreth,4D2
458245629,Merwin,Berry,4D1
302570517,Blayne,Tuison,1B3
881300274,Carroll,Breazeall,2B2
692654342,Barbi,Sudworth,5C1
738660545,Thacher,Oakenfield,5D1
